{"cameraMode":{"drawMode":0,"name":"Shaded","section":"Shading Mode"},"sceneLighting":true,"audioPlay":false,"sceneViewState":{"m_AlwaysRefresh":false,"showFog":true,"showSkybox":true,"showFlares":true,"showImageEffects":true,"showParticleSystems":true,"showVisualEffectGraphs":true,"m_FxEnabled":true},"in2DMode":false,"pivot":{"x":358.18182373046877,"y":-6.605501651763916,"z":-102.85498809814453},"rotation":{"x":0.023352717980742456,"y":-0.6783600449562073,"z":0.021700698882341386,"w":0.7339663505554199},"size":19.672378540039064,"orthographic":false}