{"cameraMode":{"drawMode":0,"name":"Shaded","section":"Shading Mode"},"sceneLighting":true,"audioPlay":false,"sceneViewState":{"m_AlwaysRefresh":false,"showFog":true,"showSkybox":true,"showFlares":true,"showImageEffects":true,"showParticleSystems":true,"showVisualEffectGraphs":true,"m_FxEnabled":true},"in2DMode":false,"pivot":{"x":-31.739177703857423,"y":-0.8639673590660095,"z":-5.862589359283447},"rotation":{"x":0.020822865888476373,"y":-0.6311290264129639,"z":0.016951682046055795,"w":0.7752015590667725},"size":0.2311791330575943,"orthographic":false}