{"cameraMode":{"drawMode":0,"name":"Shaded","section":"Shading Mode"},"sceneLighting":true,"audioPlay":false,"sceneViewState":{"m_AlwaysRefresh":false,"showFog":true,"showSkybox":true,"showFlares":true,"showImageEffects":true,"showParticleSystems":true,"showVisualEffectGraphs":true,"m_FxEnabled":true},"in2DMode":false,"pivot":{"x":-5.305312156677246,"y":-3.3293697834014894,"z":-9.271263122558594},"rotation":{"x":0.21723145246505738,"y":-0.18930716812610627,"z":0.042985446751117709,"w":0.9566152691841126},"size":1.4395381212234498,"orthographic":false}