{"cameraMode":{"drawMode":0,"name":"Shaded","section":"Shading Mode"},"sceneLighting":true,"audioPlay":false,"sceneViewState":{"m_AlwaysRefresh":false,"showFog":true,"showSkybox":true,"showFlares":true,"showImageEffects":true,"showParticleSystems":true,"showVisualEffectGraphs":true,"m_FxEnabled":true},"in2DMode":false,"pivot":{"x":-0.5141907334327698,"y":-5.089723110198975,"z":-9.567676544189454},"rotation":{"x":-0.05603988841176033,"y":-0.33581602573394778,"z":-0.019960500299930574,"w":0.9400272965431213},"size":0.23700754344463349,"orthographic":false}