{"cameraMode":{"drawMode":0,"name":"Shaded","section":"Shading Mode"},"sceneLighting":true,"audioPlay":false,"sceneViewState":{"m_AlwaysRefresh":false,"showFog":true,"showSkybox":true,"showFlares":true,"showImageEffects":true,"showParticleSystems":true,"showVisualEffectGraphs":true,"m_FxEnabled":true},"in2DMode":false,"pivot":{"x":344.7628173828125,"y":6.495279788970947,"z":-106.75740051269531},"rotation":{"x":-0.03511098027229309,"y":-0.07338252663612366,"z":0.0024534431286156179,"w":-0.9966288805007935},"size":28.90164566040039,"orthographic":false}