{"cameraMode":{"drawMode":0,"name":"Shaded","section":"Shading Mode"},"sceneLighting":true,"audioPlay":false,"sceneViewState":{"m_AlwaysRefresh":false,"showFog":true,"showSkybox":true,"showFlares":true,"showImageEffects":true,"showParticleSystems":true,"showVisualEffectGraphs":true,"m_FxEnabled":true},"in2DMode":false,"pivot":{"x":-0.1081743836402893,"y":-5.205954551696777,"z":-9.402557373046875},"rotation":{"x":-0.007700713817030191,"y":0.21455004811286927,"z":0.0017517558299005032,"w":0.9766622185707092},"size":0.6277183294296265,"orthographic":false}