{"cameraMode":{"drawMode":0,"name":"Shaded","section":"Shading Mode"},"sceneLighting":true,"audioPlay":false,"sceneViewState":{"m_AlwaysRefresh":false,"showFog":true,"showSkybox":true,"showFlares":true,"showImageEffects":true,"showParticleSystems":true,"showVisualEffectGraphs":true,"m_FxEnabled":true},"in2DMode":false,"pivot":{"x":487.2355041503906,"y":79.49606323242188,"z":511.60906982421877},"rotation":{"x":0.010403603315353394,"y":-0.0011072385823354126,"z":0.00006498500442830846,"w":0.9999246597290039},"size":574.0551147460938,"orthographic":false}