{"cameraMode":{"drawMode":0,"name":"Shaded","section":"Shading Mode"},"sceneLighting":true,"audioPlay":false,"sceneViewState":{"m_AlwaysRefresh":false,"showFog":true,"showSkybox":true,"showFlares":true,"showImageEffects":true,"showParticleSystems":true,"showVisualEffectGraphs":true,"m_FxEnabled":true},"in2DMode":false,"pivot":{"x":-5.062342643737793,"y":-4.923038482666016,"z":-9.374197959899903},"rotation":{"x":0.002213583094999194,"y":-0.03869479522109032,"z":0.00008329936099471524,"w":0.9992425441741943},"size":0.5456868410110474,"orthographic":false}