{"cameraMode":{"drawMode":0,"name":"Shaded","section":"Shading Mode"},"sceneLighting":true,"audioPlay":false,"sceneViewState":{"m_AlwaysRefresh":false,"showFog":true,"showSkybox":true,"showFlares":true,"showImageEffects":true,"showParticleSystems":true,"showVisualEffectGraphs":true,"m_FxEnabled":true},"in2DMode":false,"pivot":{"x":-34.09451675415039,"y":-2.3986778259277345,"z":-7.189038276672363},"rotation":{"x":0.26698145270347597,"y":-0.11865347623825073,"z":0.03313848748803139,"w":0.9557856321334839},"size":0.3720048666000366,"orthographic":false}